{
  "Attention": {
    "AUC-ROC": 0.954988240119974,
    "F1": 0.8959675079779519,
    "Precision": 0.8703641077668809,
    "Recall": 0.9231229076996652
  }
}