{
  "Full Bi-directional Attention": {
    "AUC-ROC": 0.9691037609287921,
    "F1": 0.9152661269108233,
    "Precision": 0.8954532456391192,
    "Recall": 0.9359756097560976
  }
}