{
  "Full Attention": {
    "AUC-ROC": 0.9665308386800847,
    "F1": 0.9119045509583297,
    "Precision": 0.9011264810599428,
    "Recall": 0.9229435676709709
  }
}