{
  "Logistic Regression": {
    "AUC-ROC": 0.7289178745459177,
    "F1": 0.6831000028629506,
    "Precision": 0.6554584912916873,
    "Recall": 0.7131755141080822
  }
}