{
  "MLP": {
    "AUC-ROC": 0.9290478667627949,
    "F1": 0.8645131571370991,
    "Precision": 0.8338331667222038,
    "Recall": 0.8975370636059302
  }
}