{
  "Random Forest": {
    "AUC-ROC": 0.93289592434704,
    "F1": 0.859787512734682,
    "Precision": 0.8378623702274919,
    "Recall": 0.8828909612625538
  }
}